{"0.00":[10,20,30],"0.07":[10.700000000000001,21.400000000000002,32.1],"0.10":[11,22,33],"0.15":[11.5,23,34.5]}